[
  { "title": "Age Calculator", "icon": "🎂", "slug": "age", "path": "/tools/age.html" },
  { "title": "Password Generator", "icon": "🔐", "slug": "password", "path": "/tools/password.html" },
  { "title": "QR Generator", "icon": "📦", "slug": "qr", "path": "/tools/qr.html" },
  { "title": "JSON Formatter", "icon": "🧹", "slug": "json", "path": "/tools/json.html" },
  { "title": "Date Difference", "icon": "📅", "slug": "date-diff", "path": "/tools/date-diff.html" },
  { "title": "Number to Words", "icon": "🔢", "slug": "num2words", "path": "/tools/num2words.html" },
  { "title": "Length Converter", "icon": "📏", "slug": "length", "path": "/tools/length.html" },

  { "title": "Text Case Converter", "icon": "🔤", "slug": "text-case", "path": "/tools/text-case.html" },
  { "title": "Base64 Encoder", "icon": "🧬", "slug": "base64", "path": "/tools/base64.html" },
  { "title": "Color Picker", "icon": "🎨", "slug": "color", "path": "/tools/color.html" },
  { "title": "Unit Converter", "icon": "⚖️", "slug": "unit", "path": "/tools/unit.html" },
  { "title": "BMI Calculator", "icon": "🧮", "slug": "bmi", "path": "/tools/bmi.html" },
  { "title": "Percentage Calculator", "icon": "📊", "slug": "percentage", "path": "/tools/percentage.html" },
  { "title": "Loan Calculator", "icon": "💰", "slug": "loan", "path": "/tools/loan.html" },
  { "title": "Tip Calculator", "icon": "🍽️", "slug": "tip", "path": "/tools/tip.html" },
  { "title": "Time Converter", "icon": "⏱️", "slug": "time", "path": "/tools/time.html" },
  { "title": "Temperature Converter", "icon": "🌡️", "slug": "temperature", "path": "/tools/temperature.html" },
  { "title": "IP Checker", "icon": "🌐", "slug": "ip", "path": "/tools/ip.html" },
  { "title": "User Agent Viewer", "icon": "🕵️", "slug": "ua", "path": "/tools/ua.html" },
  { "title": "Device Info", "icon": "📱", "slug": "device", "path": "/tools/device.html" },

  { "title": "Invoice Generator", "icon": "🧾", "slug": "invoice", "path": "/tools/invoice.html" },
  { "title": "Countdown Timer", "icon": "⏳", "slug": "countdown", "path": "/tools/countdown.html" },
  { "title": "Random Picker", "icon": "🎲", "slug": "random", "path": "/tools/random.html" },
  { "title": "HTML Minifier", "icon": "🧼", "slug": "html-min", "path": "/tools/html-min.html" },
  { "title": "CSS Beautifier", "icon": "💅", "slug": "css-beautify", "path": "/tools/css-beautify.html" },
  { "title": "JS Formatter", "icon": "🧠", "slug": "js-format", "path": "/tools/js-format.html" },
  { "title": "Meta Tag Generator", "icon": "🔖", "slug": "meta", "path": "/tools/meta.html" }
]
